,Unnamed: 0,Sample Name,Region,variable,hand_value,chromatopy_value,chromatopy_value_lower,chromatopy_value_upper,hand_ra,chromatopy_ra,chromatopy_ra_lower,chromatopy_ra_upper,chromatopy_fa,chromatopy_fa_lower,chromatopy_fa_upper,chromatopy_fa_combined_error,hand_fa,user_2_values,chromatopy_value_PA,diff,err
16,16,H1608000014,marine offshore NW Australia,IIIa,0.0,0.0,0.0,0.0,0.0,0.0,0.0,0.0,0.0,0.0,0.0,0.0,0.0,5122.0,0.0,-inf,0.0
436,472,H1801000128,Lake Bolshoye Shchuchye,IIIc',1975.79346,0.838501465,0.048087532,0.036233362,6.601734339289772e-05,1.7405075796791063e-06,2.77929941984985e-05,2.820793117236519e-05,1.0658911991056382e-05,0.0573531743858201,0.0432145739197614,0.0502838741527908,0.00040137948043,43.0,0.838501465,-5028.196168387136,0.08432089400000001
592,640,H2202081,marine offshore NW Africa,IIb,0.0,0.0,0.0,0.0,0.0,0.0,0.0,0.0,0.0,0.0,0.0,0.0,0.0,219.0,0.0,-inf,0.0
1428,1518,H1801000191,Lake Bolshoye Shchuchye,GDGT-3,1125.85559,1.443912659,0.0314573789999998,0.0315167629999999,3.761830201414041e-05,2.9971813196344416e-06,2.7758474393160145e-05,2.8198140758570496e-05,0.0007270325343944,0.0218007850251617,0.0218401354001818,0.0218204602126718,0.0091497336011583,16.0,1.443912659,-1008.1002649482277,0.0629741419999997
1581,1671,H1801000019,Lake Bolshoye Shchuchye,GDGT-4',0.0,0.0,0.0,0.0,0.0,0.0,0.0,0.0,0.0,0.0,0.0,0.0,0.0,61.0,0.0,-inf,0.0
1589,1679,H2307071,Alaska Loess,GDGT-4',0.0,0.0,0.0,0.0,0.0,0.0,0.0,0.0,0.0,0.0,0.0,0.0,0.0,46.0,0.0,-inf,0.0
